statement_id,statement,domain,has_error,error_step,error_type,correct_answer,cot
189,What is the remainder when 999 is divided by 9?,Number Theory,0,-1,none,0,"Step 1: Sum of digits: 9+9+9 = 27, divisible by 9.
Step 2: So 999 is divisible by 9.
Step 3: Remainder = 0.
Step 4: Answer: 0.

Final Answer: 0"
68,Find the sum of all primes less than 20.,Number Theory,1,5,wrong_answer,77,"Step 1: Primes less than 20: 2, 3, 5, 7, 11, 13, 17, 19.
Step 2: Sum = 2 + 3 + 5 + 7 + 11 + 13 + 17 + 19.
Step 3: = 77.
Step 4: Answer: 77.

[ERROR INJECTED AT STEP 5]"
156,A circle has area 25π. Find its radius.,Geometry,0,-1,none,5,"Step 1: Area = πr² = 25π.
Step 2: r² = 25.
Step 3: r = 5.
Step 4: Answer: 5.

Final Answer: 5"
206,How many ways can 2 colors be chosen from 4?,Combinatorics,0,-1,none,6,"Step 1: C(4,2) = 4!/(2!×2!).
Step 2: = 6.
Step 3: Answer: 6.

Final Answer: 6"
223,Two coins are flipped. What is P(at least 1 head)?,Probability,0,-1,none,3/4,"Step 1: P(at least 1 head) = 1 - P(no heads).
Step 2: P(no heads) = 1/4.
Step 3: P = 1 - 1/4 = 3/4.
Step 4: Answer: 3/4.

Final Answer: 3/4"
91,How many ways can you arrange the letters in MISSISSIPPI?,Combinatorics,0,-1,none,34650,"Step 1: MISSISSIPPI has 11 letters: M(1), I(4), S(4), P(2).
Step 2: Arrangements = 11!/(1!×4!×4!×2!).
Step 3: = 39916800/(24×24×2) = 34650.
Step 4: Answer: 34650.

Final Answer: 34650"
241,A die is rolled. What is P(rolling a multiple of 3)?,Probability,0,-1,none,1/3,"Step 1: Multiples of 3: 3, 6 = 2 outcomes.
Step 2: P = 2/6 = 1/3.
Step 3: Answer: 1/3.

Final Answer: 1/3"
52,Find the smallest positive integer n such that n² ends in 444.,Number Theory,0,-1,none,38,"Step 1: We need n² ≡ 444 (mod 1000).
Step 2: First, n² ≡ 4 (mod 10) means n ≡ 2 or 8 (mod 10).
Step 3: Next, n² ≡ 44 (mod 100). Checking: 12²=144, 38²=1444.
Step 4: Check mod 1000: 38² = 1444 ≡ 444 (mod 1000).
Step 5: Smallest positive n is 38.

Final Answer: 38"
12,Find the minimum value of x² + 4x + 7.,Algebra,1,3,calculation_error,3,"Step 1: Complete the square: x² + 4x + 7 = (x+2)² + 3.
Step 2: The minimum of (x+2)² is 0 (when x = -2).
Step 3: So minimum value is 0 + 3 ≠ 3. [ARITHMETIC ERROR]
Step 4: Minimum occurs at x = -2.
Step 5: Answer: 3.

[ERROR INJECTED AT STEP 3]"
171,"Find φ(20), where φ is Euler's totient function.",Number Theory,0,-1,none,8,"Step 1: 20 = 2² × 5.
Step 2: φ(20) = 20 × (1-1/2) × (1-1/5).
Step 3: = 20 × 1/2 × 4/5.
Step 4: = 8.
Step 5: Answer: 8.

Final Answer: 8"
182,How many multiples of 5 are between 1 and 50?,Number Theory,0,-1,none,10,"Step 1: 50/5 = 10.
Step 2: There are 10 multiples.
Step 3: Answer: 10.

Final Answer: 10"
202,How many ways can a coin be flipped 5 times?,Combinatorics,0,-1,none,32,"Step 1: Each flip has 2 outcomes.
Step 2: Total = 2^5.
Step 3: = 32.
Step 4: Answer: 32.

Final Answer: 32"
54,What is the least common multiple of 12 and 18?,Number Theory,0,-1,none,36,"Step 1: Prime factorization: 12 = 2² × 3.
Step 2: Prime factorization: 18 = 2 × 3².
Step 3: LCM = 2² × 3² = 4 × 9.
Step 4: LCM = 36.
Step 5: Answer: 36.

Final Answer: 36"
48,A circle has diameter 20. Find the length of an arc subtending 90°.,Geometry,0,-1,none,5π,"Step 1: Circumference = πd = 20π.
Step 2: 90° is 1/4 of 360°.
Step 3: Arc length = (1/4) × 20π = 5π.
Step 4: Answer: 5π.

Final Answer: 5π"
191,How many ways can the letters in DOG be arranged?,Combinatorics,0,-1,none,6,"Step 1: 3 distinct letters.
Step 2: 3! = 6.
Step 3: Answer: 6.

Final Answer: 6"
178,Find the last digit of 2^50.,Number Theory,1,4,logic_error,4,"Step 1: Pattern: 2, 4, 8, 6, 2, 4, 8, 6... (cycle of 4).
Step 2: 50 = 4×12 + 2.
Step 3: Last digit = 2nd in cycle = 4.
Step 4: Answer: 4. [LOGIC ERROR]

[ERROR INJECTED AT STEP 4]"
56,Is 97 prime?,Number Theory,0,-1,none,yes,"Step 1: Check divisibility by primes up to √97 ≈ 9.8.
Step 2: Check 2: 97 is odd, not divisible.
Step 3: Check 3: 9+7=16, not divisible by 3.
Step 4: Check 5, 7: 97/5=19.4, 97/7≈13.9.
Step 5: 97 is prime.

Final Answer: yes"
111,A fair coin is flipped 4 times. What is the probability of exactly 2 heads?,Probability,0,-1,none,3/8,"Step 1: Total outcomes = 2^4 = 16.
Step 2: Favorable: C(4,2) = 6 ways.
Step 3: Probability = 6/16 = 3/8.
Step 4: Answer: 3/8.

Final Answer: 3/8"
109,A die is rolled twice. What is the probability both rolls are even?,Probability,0,-1,none,1/4,"Step 1: P(even) = 3/6 = 1/2 for each roll.
Step 2: P(both even) = (1/2) × (1/2) = 1/4.
Step 3: Answer: 1/4.

Final Answer: 1/4"
149,A square has diagonal 10. Find its area.,Geometry,0,-1,none,50,"Step 1: Diagonal d = s√2, so s = d/√2 = 10/√2.
Step 2: Area = s² = (10/√2)² = 100/2.
Step 3: = 50.
Step 4: Answer: 50.

Final Answer: 50"
94,How many ways can 4 different books be distributed to 4 students?,Combinatorics,0,-1,none,24,"Step 1: This is a permutation of 4 items.
Step 2: 4! = 24.
Step 3: Answer: 24.

Final Answer: 24"
159,A rhombus has diagonals 10 and 24. Find its area.,Geometry,0,-1,none,120,"Step 1: Area = (1/2) × d₁ × d₂.
Step 2: = (1/2) × 10 × 24.
Step 3: = 120.
Step 4: Answer: 120.

Final Answer: 120"
158,"A trapezoid has bases 8 and 12, and height 5. Find its area.",Geometry,0,-1,none,50,"Step 1: Area = (1/2)(b₁ + b₂)h.
Step 2: = (1/2)(8 + 12)(5).
Step 3: = (1/2)(20)(5) = 50.
Step 4: Answer: 50.

Final Answer: 50"
122,"If x = 2, what is the value of 3x² - 5x + 1?",Algebra,0,-1,none,3,"Step 1: Substitute x = 2: 3(4) - 5(2) + 1.
Step 2: Calculate: 12 - 10 + 1.
Step 3: = 3.
Step 4: Answer: 3.

Final Answer: 3"
167,What is the units digit of 9^100?,Number Theory,0,-1,none,1,"Step 1: Pattern: 9, 1, 9, 1... (cycle of 2).
Step 2: 100 is even, so units digit is 1.
Step 3: Answer: 1.

Final Answer: 1"
89,How many ways can 3 coins be flipped?,Combinatorics,0,-1,none,8,"Step 1: Each coin has 2 outcomes (H or T).
Step 2: Total outcomes = 2³ = 8.
Step 3: Answer: 8.

Final Answer: 8"
55,Find the sum of all positive divisors of 28.,Number Theory,0,-1,none,56,"Step 1: Divisors of 28: 1, 2, 4, 7, 14, 28.
Step 2: Sum = 1 + 2 + 4 + 7 + 14 + 28.
Step 3: = 56.
Step 4: Answer: 56.

Final Answer: 56"
29,A circle has circumference 16π. What is its area?,Geometry,1,3,calculation_error,64π,"Step 1: Circumference = 2πr = 16π.
Step 2: Solve for r: r = 16π/(2π) = 8.
Step 3: Area ≠ πr² ≠ π(8)². [ARITHMETIC ERROR]
Step 4: Area = 64π.

[ERROR INJECTED AT STEP 3]"
15,The quadratic x² - 5x + 6 = 0 has roots r and s. Find r² + s².,Algebra,0,-1,none,13,"Step 1: By Vieta's formulas: r + s = 5 and rs = 6.
Step 2: Use identity: r² + s² = (r+s)² - 2rs.
Step 3: Substitute: 5² - 2(6) = 25 - 12.
Step 4: Calculate: 25 - 12 = 13.
Step 5: Answer = 13.

Final Answer: 13"
123,Find the vertex of the parabola y = x² - 6x + 5.,Algebra,0,-1,none,"(3, -4)","Step 1: Complete the square: y = (x-3)² - 9 + 5.
Step 2: y = (x-3)² - 4.
Step 3: Vertex is at (3, -4).
Step 4: Answer: (3, -4).

Final Answer: (3, -4)"
21,Find the sum: 1 + 3 + 5 + ... + 99.,Algebra,0,-1,none,2500,"Step 1: This is an arithmetic sequence with a₁ = 1, d = 2, aₙ = 99.
Step 2: Number of terms: n = (99-1)/2 + 1 = 50.
Step 3: Sum = n(a₁ + aₙ)/2 = 50(1+99)/2.
Step 4: = 50 × 50 = 2500.
Step 5: Answer: 2500.

Final Answer: 2500"
81,How many ways can you choose 3 items from 8?,Combinatorics,0,-1,none,56,"Step 1: Use combination formula: C(8,3).
Step 2: C(8,3) = 8!/(3!×5!) = (8×7×6)/(3×2×1).
Step 3: = 336/6 = 56.
Step 4: Answer: 56.

Final Answer: 56"
200,How many ways can 8 items be divided into 2 groups of 4?,Combinatorics,0,-1,none,35,"Step 1: C(8,4) = 70.
Step 2: Groups are indistinguishable, divide by 2.
Step 3: 70/2 = 35.
Step 4: Answer: 35.

Final Answer: 35"
47,A triangle has base 10 and height 6. Find its area.,Geometry,0,-1,none,30,"Step 1: Area = (1/2) × base × height.
Step 2: Area = (1/2) × 10 × 6.
Step 3: = 30.
Step 4: Answer: 30.

Final Answer: 30"
129,"If 2^x = 32, what is x?",Algebra,1,3,calculation_error,5,"Step 1: 32 = 2^5.
Step 2: So 2^x = 2^5.
Step 3: Therefore x ≠ 5. [ARITHMETIC ERROR]
Step 4: Answer: 5.

[ERROR INJECTED AT STEP 3]"
117,A number from 1 to 20 is chosen. What is P(it is divisible by 3)?,Probability,0,-1,none,3/10,"Step 1: Multiples of 3 from 1 to 20: 3, 6, 9, 12, 15, 18 = 6.
Step 2: P(divisible by 3) = 6/20 = 3/10.
Step 3: Answer: 3/10.

Final Answer: 3/10"
92,How many ways can 5 students be seated in 5 chairs?,Combinatorics,0,-1,none,120,"Step 1: Number of permutations of 5 items = 5!.
Step 2: 5! = 5×4×3×2×1 = 120.
Step 3: Answer: 120.

Final Answer: 120"
105,Two cards are drawn from a deck. What is the probability both are aces?,Probability,0,-1,none,1/221,"Step 1: P(first ace) = 4/52 = 1/13.
Step 2: P(second ace | first ace) = 3/51 = 1/17.
Step 3: P(both aces) = (1/13) × (1/17) = 1/221.
Step 4: Answer: 1/221.

Final Answer: 1/221"
231,A die is rolled. What is P(rolling > 4)?,Probability,0,-1,none,1/3,"Step 1: > 4 means 5 or 6 = 2 outcomes.
Step 2: P = 2/6 = 1/3.
Step 3: Answer: 1/3.

Final Answer: 1/3"
96,How many ways can a die be rolled 3 times?,Combinatorics,0,-1,none,216,"Step 1: Each roll has 6 outcomes.
Step 2: Total = 6³ = 216.
Step 3: Answer: 216.

Final Answer: 216"
195,How many ways can 4 books be chosen from 10?,Combinatorics,0,-1,none,210,"Step 1: C(10,4) = 10!/(4!×6!).
Step 2: = (10×9×8×7)/(4×3×2×1).
Step 3: = 210.
Step 4: Answer: 210.

Final Answer: 210"
160,A regular hexagon has perimeter 30. Find its side length.,Geometry,0,-1,none,5,"Step 1: Perimeter = 6s = 30.
Step 2: s = 5.
Step 3: Answer: 5.

Final Answer: 5"
157,A pyramid has square base with side 4 and height 6. Find its volume.,Geometry,0,-1,none,32,"Step 1: Volume = (1/3) × base_area × height.
Step 2: = (1/3) × 16 × 6.
Step 3: = 32.
Step 4: Answer: 32.

Final Answer: 32"
37,A cone has radius 4 and height 6. Find its volume.,Geometry,0,-1,none,32π,"Step 1: Volume of cone = (1/3)πr²h.
Step 2: Substitute r = 4, h = 6: (1/3)π(16)(6).
Step 3: = (1/3)π × 96 = 32π.
Step 4: Answer: 32π.

Final Answer: 32π"
33,Two angles of a triangle measure 50° and 60°. What is the third angle?,Geometry,1,1,wrong_setup,70,"Step 1: Sum of angles in a triangle = 180°.
Step 2: Third angle = 180° - 50° - 60°.
Step 3: Third angle = 70°.
Step 4: Answer: 70.

[ERROR INJECTED AT STEP 1]"
97,How many ways can 8 people be divided into 2 teams of 4?,Combinatorics,0,-1,none,35,"Step 1: Choose 4 people for first team: C(8,4).
Step 2: C(8,4) = 70.
Step 3: But teams are indistinguishable, so divide by 2.
Step 4: 70/2 = 35.
Step 5: Answer: 35.

Final Answer: 35"
229,Three coins are flipped. What is P(all heads)?,Probability,0,-1,none,1/8,"Step 1: P = (1/2)³.
Step 2: = 1/8.
Step 3: Answer: 1/8.

Final Answer: 1/8"
213,How many ways can 4 students be seated in 4 chairs?,Combinatorics,0,-1,none,24,"Step 1: 4! = 24.
Step 2: Answer: 24.

Final Answer: 24"
93,How many ways can you choose a president and vice-president from 10 people?,Combinatorics,0,-1,none,90,"Step 1: Choose president: 10 choices.
Step 2: Choose vice-president: 9 remaining choices.
Step 3: Total = 10 × 9 = 90.
Step 4: Answer: 90.

Final Answer: 90"
115,A bag has 5 red and 3 blue marbles. Two are drawn without replacement. What is P(both red)?,Probability,0,-1,none,5/14,"Step 1: P(first red) = 5/8.
Step 2: P(second red | first red) = 4/7.
Step 3: P(both red) = (5/8) × (4/7) = 20/56.
Step 4: Simplify: 20/56 = 5/14.
Step 5: Answer: 5/14.

Final Answer: 5/14"
211,How many ways can a president be chosen from 8 people?,Combinatorics,0,-1,none,8,"Step 1: 8 choices.
Step 2: Answer: 8.

Final Answer: 8"
224,A number from 1 to 10 is chosen. What is P(it is even)?,Probability,0,-1,none,1/2,"Step 1: Even numbers: 2, 4, 6, 8, 10 = 5.
Step 2: P = 5/10 = 1/2.
Step 3: Answer: 1/2.

Final Answer: 1/2"
230,Three coins are flipped. What is P(all heads)?,Probability,1,2,wrong_formula,1/8,"Step 1: P = (1/2)³.
Step 2: = 1/8. [ERROR]
Step 3: Answer: 1/8.

[ERROR INJECTED AT STEP 2]"
66,How many multiples of 7 are between 1 and 100?,Number Theory,0,-1,none,14,"Step 1: Largest multiple of 7 ≤ 100 is 98 = 7×14.
Step 2: So there are 14 multiples of 7.
Step 3: They are: 7, 14, 21, ..., 98.
Step 4: Answer: 14.

Final Answer: 14"
90,How many ways can 3 coins be flipped?,Combinatorics,1,1,wrong_setup,8,"Step 1: Each coin has 2 outcomes (H or T).
Step 2: Total outcomes = 2³ = 8.
Step 3: Answer: 8.

[ERROR INJECTED AT STEP 1]"
70,What is the remainder when 2020 is divided by 7?,Number Theory,1,3,calculation_error,4,"Step 1: 2020 ÷ 7 = 288 remainder 4.
Step 2: Check: 7×288 = 2016.
Step 3: 2020 - 2016 ≠ 4. [ARITHMETIC ERROR]
Step 4: Remainder is 4.

[ERROR INJECTED AT STEP 3]"
216,A coin is flipped. What is P(heads)?,Probability,1,1,wrong_setup,1/2,"Step 1: 1 favorable out of 2 outcomes.
Step 2: P = 1/2.
Step 3: Answer: 1/2.

[ERROR INJECTED AT STEP 1]"
34,A sphere has radius 3. Find its volume.,Geometry,0,-1,none,36π,"Step 1: Volume of sphere = (4/3)πr³.
Step 2: Substitute r = 3: (4/3)π(27).
Step 3: = 4π × 9 = 36π.
Step 4: Answer: 36π.

Final Answer: 36π"
61,What is the arithmetic mean of the reciprocals of the first three primes?,Number Theory,0,-1,none,31/90,"Step 1: First three primes: 2, 3, 5.
Step 2: Reciprocals: 1/2, 1/3, 1/5.
Step 3: Sum = 15/30 + 10/30 + 6/30 = 31/30.
Step 4: Mean = (31/30)/3 = 31/90.

Final Answer: 31/90"
113,A card is drawn from a deck. What is P(it is a face card)?,Probability,0,-1,none,3/13,"Step 1: Face cards: J, Q, K in each suit = 12 total.
Step 2: P(face card) = 12/52 = 3/13.
Step 3: Answer: 3/13.

Final Answer: 3/13"
142,Solve for x: log₃(x) + log₃(x-2) = 1.,Algebra,0,-1,none,3,"Step 1: Combine: log₃(x(x-2)) = 1.
Step 2: So x(x-2) = 3¹ = 3.
Step 3: x² - 2x - 3 = 0.
Step 4: (x-3)(x+1) = 0. x = 3 (x = -1 invalid).
Step 5: Answer: 3.

Final Answer: 3"
95,How many ways can you arrange 3 red and 3 blue balls in a row?,Combinatorics,0,-1,none,20,"Step 1: Total 6 balls with 3 red and 3 blue.
Step 2: Arrangements = 6!/(3!×3!).
Step 3: = 720/(6×6) = 20.
Step 4: Answer: 20.

Final Answer: 20"
144,A triangle has angles 45° and 45°. What is the third angle?,Geometry,0,-1,none,90,"Step 1: Sum of angles = 180°.
Step 2: Third angle = 180° - 45° - 45°.
Step 3: = 90°.
Step 4: Answer: 90.

Final Answer: 90"
170,What is the remainder when 100 is divided by 7?,Number Theory,1,3,calculation_error,2,"Step 1: 100 = 7×14 + 2.
Step 2: Remainder = 2.
Step 3: Answer: 2. [ARITHMETIC ERROR]

[ERROR INJECTED AT STEP 3]"
208,How many ways can 7 items be arranged if 2 are identical?,Combinatorics,0,-1,none,2520,"Step 1: 7!/2! = 5040/2.
Step 2: = 2520.
Step 3: Answer: 2520.

Final Answer: 2520"
205,How many ways can 5 people sit in 5 chairs?,Combinatorics,0,-1,none,120,"Step 1: 5! = 5×4×3×2×1.
Step 2: = 120.
Step 3: Answer: 120.

Final Answer: 120"
141,"What is the 10th term of the sequence 2, 5, 8, 11, ...?",Algebra,0,-1,none,29,"Step 1: This is arithmetic with a₁=2, d=3.
Step 2: aₙ = a₁ + (n-1)d.
Step 3: a₁₀ = 2 + 9×3 = 29.
Step 4: Answer: 29.

Final Answer: 29"
138,Find the range of f(x) = x² + 2.,Algebra,1,2,wrong_formula,y ≥ 2,"Step 1: x² ≥ 0 for all real x.
Step 2: So x² + 2 ≥ 2. [ERROR]
Step 3: Range: y ≥ 2.
Step 4: Answer: y ≥ 2.

[ERROR INJECTED AT STEP 2]"
38,A cube has edge length 5. Find its surface area.,Geometry,0,-1,none,150,"Step 1: Surface area of cube = 6s² where s is edge length.
Step 2: s = 5, so surface area = 6 × 25.
Step 3: = 150.
Step 4: Answer: 150.

Final Answer: 150"
130,Find the domain of f(x) = √(x-4).,Algebra,0,-1,none,x ≥ 4,"Step 1: For √(x-4) to be real, x-4 ≥ 0.
Step 2: So x ≥ 4.
Step 3: Domain: x ≥ 4.
Step 4: Answer: x ≥ 4.

Final Answer: x ≥ 4"
133,Solve: |2x - 5| = 7.,Algebra,0,-1,none,"6, -1","Step 1: Case 1: 2x - 5 = 7 gives 2x = 12, x = 6.
Step 2: Case 2: 2x - 5 = -7 gives 2x = -2, x = -1.
Step 3: Solutions: x = 6 or x = -1.
Step 4: Answer: 6, -1.

Final Answer: 6, -1"
207,How many ways can 2 colors be chosen from 4?,Combinatorics,1,3,calculation_error,6,"Step 1: C(4,2) = 4!/(2!×2!).
Step 2: = 6.
Step 3: Answer: 6. [ARITHMETIC ERROR]

[ERROR INJECTED AT STEP 3]"
32,Two angles of a triangle measure 50° and 60°. What is the third angle?,Geometry,0,-1,none,70,"Step 1: Sum of angles in a triangle = 180°.
Step 2: Third angle = 180° - 50° - 60°.
Step 3: Third angle = 70°.
Step 4: Answer: 70.

Final Answer: 70"
238,A coin is flipped 2 times. What is P(2 tails)?,Probability,0,-1,none,1/4,"Step 1: P = (1/2)².
Step 2: = 1/4.
Step 3: Answer: 1/4.

Final Answer: 1/4"
71,Find the smallest prime greater than 100.,Number Theory,0,-1,none,101,"Step 1: Check 101 for primality.
Step 2: √101 ≈ 10. Check primes 2, 3, 5, 7.
Step 3: 101 is odd, 1+0+1=2 (not div by 3), doesn't end in 0/5, 101/7≈14.4.
Step 4: 101 is prime.
Step 5: Answer: 101.

Final Answer: 101"
148,A cylinder has radius 2 and height 5. Find its surface area.,Geometry,0,-1,none,28π,"Step 1: Surface area = 2πr² + 2πrh.
Step 2: = 2π(4) + 2π(2)(5).
Step 3: = 8π + 20π = 28π.
Step 4: Answer: 28π.

Final Answer: 28π"
215,A coin is flipped. What is P(heads)?,Probability,0,-1,none,1/2,"Step 1: 1 favorable out of 2 outcomes.
Step 2: P = 1/2.
Step 3: Answer: 1/2.

Final Answer: 1/2"
53,What is the greatest common divisor of 48 and 72?,Number Theory,0,-1,none,24,"Step 1: Prime factorization: 48 = 2⁴ × 3.
Step 2: Prime factorization: 72 = 2³ × 3².
Step 3: GCD = 2³ × 3 = 8 × 3.
Step 4: GCD = 24.
Step 5: Answer: 24.

Final Answer: 24"
64,What is the GCD of 144 and 180?,Number Theory,0,-1,none,36,"Step 1: 144 = 2⁴ × 3².
Step 2: 180 = 2² × 3² × 5.
Step 3: GCD = 2² × 3² = 4 × 9.
Step 4: GCD = 36.

Final Answer: 36"
7,What is the sum of the roots of 3x² - 12x + 9 = 0?,Algebra,0,-1,none,4,"Step 1: For ax² + bx + c = 0, sum of roots = -b/a.
Step 2: Here a = 3, b = -12.
Step 3: Sum = -(-12)/3 = 12/3.
Step 4: Sum = 4.
Step 5: Answer is 4.

Final Answer: 4"
19,Find the product of all solutions to x² - 7x + 12 = 0.,Algebra,0,-1,none,12,"Step 1: By Vieta's formulas, product of roots = c/a.
Step 2: Here a = 1, c = 12.
Step 3: Product = 12/1 = 12.
Step 4: Alternatively, factor: (x-3)(x-4) = 0.
Step 5: Roots are 3 and 4, product = 12.

Final Answer: 12"
59,"Find φ(15), where φ is Euler's totient function.",Number Theory,0,-1,none,8,"Step 1: 15 = 3 × 5.
Step 2: φ(15) = 15 × (1-1/3) × (1-1/5).
Step 3: = 15 × 2/3 × 4/5.
Step 4: = 10 × 4/5 = 8.
Step 5: Answer: 8.

Final Answer: 8"
237,Two dice are rolled. What is P(sum is 5)?,Probability,0,-1,none,1/9,"Step 1: Favorable: (1,4), (2,3), (3,2), (4,1) = 4.
Step 2: P = 4/36 = 1/9.
Step 3: Answer: 1/9.

Final Answer: 1/9"
226,A card is drawn. What is P(it is red)?,Probability,1,5,wrong_answer,1/2,"Step 1: 26 red cards in 52.
Step 2: P = 26/52 = 1/2.
Step 3: Answer: 1/2.

[ERROR INJECTED AT STEP 5]"
204,How many ways can 1 item be chosen from 7?,Combinatorics,0,-1,none,7,"Step 1: C(7,1) = 7.
Step 2: Answer: 7.

Final Answer: 7"
219,A card is drawn. What is P(it is an ace)?,Probability,0,-1,none,1/13,"Step 1: 4 aces in 52 cards.
Step 2: P = 4/52 = 1/13.
Step 3: Answer: 1/13.

Final Answer: 1/13"
9,Simplify: (x² - 1) / (x - 1) for x ≠ 1.,Algebra,0,-1,none,x + 1,"Step 1: Factor numerator: x² - 1 = (x+1)(x-1).
Step 2: Expression becomes (x+1)(x-1) / (x-1).
Step 3: Cancel (x-1) since x ≠ 1.
Step 4: Result is x + 1.
Step 5: Answer: x + 1.

Final Answer: x + 1"
67,Find the sum of all primes less than 20.,Number Theory,0,-1,none,77,"Step 1: Primes less than 20: 2, 3, 5, 7, 11, 13, 17, 19.
Step 2: Sum = 2 + 3 + 5 + 7 + 11 + 13 + 17 + 19.
Step 3: = 77.
Step 4: Answer: 77.

Final Answer: 77"
20,"If x = 3, what is the value of 2x² + 5x - 3?",Algebra,0,-1,none,30,"Step 1: Substitute x = 3 into the expression.
Step 2: 2(3)² + 5(3) - 3 = 2(9) + 15 - 3.
Step 3: Calculate: 18 + 15 - 3.
Step 4: = 33 - 3 = 30.
Step 5: Answer: 30.

Final Answer: 30"
209,How many ways can a die be rolled 2 times?,Combinatorics,0,-1,none,36,"Step 1: 6 × 6 = 36.
Step 2: Answer: 36.

Final Answer: 36"
187,What is the units digit of 5^100?,Number Theory,0,-1,none,5,"Step 1: Any power of 5 ends in 5.
Step 2: Units digit = 5.
Step 3: Answer: 5.

Final Answer: 5"
86,How many ways can you choose 2 captains from a team of 8?,Combinatorics,0,-1,none,28,"Step 1: Use combination: C(8,2).
Step 2: C(8,2) = 8!/(2!×6!) = (8×7)/2.
Step 3: = 56/2 = 28.
Step 4: Answer: 28.

Final Answer: 28"
181,"Find the smallest number divisible by 2, 3, 4, 5, and 6.",Number Theory,0,-1,none,60,"Step 1: Find LCM of 2, 3, 4, 5, 6.
Step 2: LCM = 2² × 3 × 5.
Step 3: = 60.
Step 4: Answer: 60.

Final Answer: 60"
201,How many ways can 8 items be divided into 2 groups of 4?,Combinatorics,1,2,wrong_formula,35,"Step 1: C(8,4) = 70.
Step 2: Groups are indistinguishable, divide by 2. [ERROR]
Step 3: 70/2 = 35.
Step 4: Answer: 35.

[ERROR INJECTED AT STEP 2]"
63,What is the tens digit of 7^2019?,Number Theory,0,-1,none,4,"Step 1: Find 7^2019 mod 100.
Step 2: Pattern: 7¹=7, 7²=49, 7³≡43, 7⁴≡01 (mod 100).
Step 3: Cycle length is 4.
Step 4: 2019 = 4×504 + 3, so 7^2019 ≡ 7³ ≡ 43 (mod 100).
Step 5: Tens digit is 4.

Final Answer: 4"
192,How many ways can 6 people be arranged in a circle?,Combinatorics,0,-1,none,120,"Step 1: Circular permutations = (n-1)!.
Step 2: = 5!.
Step 3: = 120.
Step 4: Answer: 120.

Final Answer: 120"
2,"If x + 1/x = 3, find x⁵ + 1/x⁵.",Algebra,1,4,logic_error,123,"Step 1: Let S_n = x^n + 1/x^n. We know S₁ = 3.
Step 2: Compute S₂ = (x + 1/x)² - 2 = 3² - 2 = 7.
Step 3: Use recurrence: S₃ = S₁ × S₂ - S₁ = 3 × 7 - 3 = 18.
Step 4: Compute S₄ = S₂² - 2 = 49 - 2 = 47. [LOGIC ERROR]
Step 5: Compute S₅ = S₁ × S₄ - S₃ = 3 × 47 - 18 = 123.

[ERROR INJECTED AT STEP 4]"
41,A circle is inscribed in a square of side 10. Find the area of the circle.,Geometry,0,-1,none,25π,"Step 1: Diameter of circle = side of square = 10.
Step 2: Radius = 10/2 = 5.
Step 3: Area = πr² = π(25).
Step 4: Area = 25π.

Final Answer: 25π"
30,"Find the area of a triangle with sides 5, 12, and 13.",Geometry,0,-1,none,30,"Step 1: Check if it's a right triangle: 5² + 12² = 25 + 144 = 169 = 13². Yes!
Step 2: For a right triangle, area = (1/2) × leg1 × leg2.
Step 3: Area = (1/2) × 5 × 12 = 30.
Step 4: Answer: 30.

Final Answer: 30"
233,Two dice are rolled. What is P(both even)?,Probability,0,-1,none,1/4,"Step 1: P(even) = 1/2 for each.
Step 2: P(both even) = (1/2)².
Step 3: = 1/4.
Step 4: Answer: 1/4.

Final Answer: 1/4"
14,What is the value of (2^2019 + 2^2021) / 2^2020?,Algebra,0,-1,none,5/2,"Step 1: Factor out 2^2019 from numerator: 2^2019(1 + 2²) / 2^2020.
Step 2: Simplify inside parentheses: 1 + 4 = 5.
Step 3: So we have 2^2019 × 5 / 2^2020.
Step 4: Cancel powers: 5 / 2^(2020-2019) = 5/2.
Step 5: Answer = 5/2.

Final Answer: 5/2"
232,A die is rolled. What is P(rolling > 4)?,Probability,1,4,logic_error,1/3,"Step 1: > 4 means 5 or 6 = 2 outcomes.
Step 2: P = 2/6 = 1/3.
Step 3: Answer: 1/3.

[ERROR INJECTED AT STEP 4]"
125,"If a + b = 7 and a - b = 3, find ab.",Algebra,0,-1,none,10,"Step 1: Add equations: 2a = 10, so a = 5.
Step 2: Subtract: 2b = 4, so b = 2.
Step 3: ab = 5 × 2 = 10.
Step 4: Answer: 10.

Final Answer: 10"
65,What is the units digit of 3^2020?,Number Theory,0,-1,none,1,"Step 1: Pattern of units digits: 3, 9, 7, 1, 3, 9, 7, 1...
Step 2: Cycle length is 4.
Step 3: 2020 = 4×505, so 3^2020 has same units digit as 3^4.
Step 4: Units digit of 3^4 is 1.

Final Answer: 1"
190,How many ways can 2 items be chosen from 6?,Combinatorics,0,-1,none,15,"Step 1: C(6,2) = 6!/(2!×4!).
Step 2: = (6×5)/2.
Step 3: = 15.
Step 4: Answer: 15.

Final Answer: 15"
124,"What is the slope of the line passing through (2, 3) and (5, 11)?",Algebra,0,-1,none,8/3,"Step 1: Slope = (y₂-y₁)/(x₂-x₁).
Step 2: Slope = (11-3)/(5-2) = 8/3.
Step 3: Answer: 8/3.

Final Answer: 8/3"
152,A cone has radius 3 and slant height 5. Find its lateral surface area.,Geometry,0,-1,none,15π,"Step 1: Lateral surface area = πrl.
Step 2: = π(3)(5).
Step 3: = 15π.
Step 4: Answer: 15π.

Final Answer: 15π"
180,What is the remainder when 2021 is divided by 5?,Number Theory,1,3,calculation_error,1,"Step 1: 2021 ends in 1.
Step 2: Numbers ending in 1 have remainder 1 when divided by 5.
Step 3: Answer: 1. [ARITHMETIC ERROR]

[ERROR INJECTED AT STEP 3]"
4,Find all real solutions to x² - 5x + 6 = 0.,Algebra,0,-1,none,"2, 3","Step 1: Factor the quadratic: (x-2)(x-3) = 0.
Step 2: Set each factor equal to zero.
Step 3: x - 2 = 0 gives x = 2.
Step 4: x - 3 = 0 gives x = 3.
Step 5: Solutions are x = 2 and x = 3.

Final Answer: 2, 3"
147,A right triangle has legs 6 and 8. Find the hypotenuse.,Geometry,0,-1,none,10,"Step 1: By Pythagorean theorem: c² = 6² + 8².
Step 2: c² = 36 + 64 = 100.
Step 3: c = 10.
Step 4: Answer: 10.

Final Answer: 10"
119,A spinner has 8 equal sections. What is P(landing on section 1 or 2)?,Probability,0,-1,none,1/4,"Step 1: P(1 or 2) = P(1) + P(2) = 1/8 + 1/8.
Step 2: = 2/8 = 1/4.
Step 3: Answer: 1/4.

Final Answer: 1/4"
40,A cylinder has radius 3 and height 5. Find its volume.,Geometry,0,-1,none,45π,"Step 1: Volume of cylinder = πr²h.
Step 2: Substitute r = 3, h = 5: π(9)(5).
Step 3: = 45π.
Step 4: Answer: 45π.

Final Answer: 45π"
234,A bag has 2 red and 3 green marbles. What is P(red)?,Probability,0,-1,none,2/5,"Step 1: 2 red out of 5 total.
Step 2: P = 2/5.
Step 3: Answer: 2/5.

Final Answer: 2/5"
161,A rectangular prism has dimensions 2 × 3 × 4. Find its surface area.,Geometry,0,-1,none,52,"Step 1: Surface area = 2(lw + lh + wh).
Step 2: = 2(6 + 8 + 12).
Step 3: = 2(26) = 52.
Step 4: Answer: 52.

Final Answer: 52"
153,A rectangle has perimeter 20 and length 6. Find its width.,Geometry,0,-1,none,4,"Step 1: Perimeter = 2(l + w) = 20.
Step 2: l + w = 10.
Step 3: 6 + w = 10.
Step 4: w = 4.
Step 5: Answer: 4.

Final Answer: 4"
196,How many ways can a team of 2 be chosen from 5 people?,Combinatorics,0,-1,none,10,"Step 1: C(5,2) = 5!/(2!×3!).
Step 2: = (5×4)/2.
Step 3: = 10.
Step 4: Answer: 10.

Final Answer: 10"
51,Find all integers x such that x² ≡ 1 (mod 8).,Number Theory,1,4,logic_error,"1, 3, 5, 7","Step 1: Check each residue class modulo 8.
Step 2: 0²=0, 1²=1, 2²=4, 3²=9≡1, 4²=16≡0, 5²=25≡1, 6²=36≡4, 7²=49≡1.
Step 3: The residues giving x² ≡ 1 are: 1, 3, 5, 7.
Step 4: These are the odd residues. [LOGIC ERROR]
Step 5: Answer: 1, 3, 5, 7.

[ERROR INJECTED AT STEP 4]"
10,Simplify: (x² - 1) / (x - 1) for x ≠ 1.,Algebra,1,3,calculation_error,x + 1,"Step 1: Factor numerator: x² - 1 = (x+1)(x-1).
Step 2: Expression becomes (x+1)(x-1) / (x-1).
Step 3: Cancel (x-1) since x ≠ 1. [ARITHMETIC ERROR]
Step 4: Result is x + 1.
Step 5: Answer: x + 1.

[ERROR INJECTED AT STEP 3]"
210,How many ways can 3 red and 2 blue balls be arranged?,Combinatorics,0,-1,none,10,"Step 1: 5!/(3!×2!) = 120/12.
Step 2: = 10.
Step 3: Answer: 10.

Final Answer: 10"
135,"If f(x) = 3x - 2, find f⁻¹(7).",Algebra,0,-1,none,3,"Step 1: Set 3x - 2 = 7.
Step 2: 3x = 9.
Step 3: x = 3.
Step 4: So f⁻¹(7) = 3.
Step 5: Answer: 3.

Final Answer: 3"
203,How many ways can the letters in BANANA be arranged?,Combinatorics,0,-1,none,60,"Step 1: 6 letters: B(1), A(3), N(2).
Step 2: Arrangements = 6!/(1!×3!×2!).
Step 3: = 720/12 = 60.
Step 4: Answer: 60.

Final Answer: 60"
217,Two dice are rolled. What is P(sum is 11)?,Probability,0,-1,none,1/18,"Step 1: Favorable: (5,6), (6,5) = 2 outcomes.
Step 2: Total = 36.
Step 3: P = 2/36 = 1/18.
Step 4: Answer: 1/18.

Final Answer: 1/18"
155,A regular octagon has interior angles of what measure?,Geometry,0,-1,none,135,"Step 1: Sum of interior angles = (8-2)×180° = 1080°.
Step 2: Each angle = 1080°/8.
Step 3: = 135°.
Step 4: Answer: 135.

Final Answer: 135"
108,"A spinner has 4 equal sections colored red, blue, green, yellow. What is P(red)?",Probability,1,2,wrong_formula,1/4,"Step 1: 4 equal sections.
Step 2: P(red) = 1/4. [ERROR]
Step 3: Answer: 1/4.

[ERROR INJECTED AT STEP 2]"
169,What is the remainder when 100 is divided by 7?,Number Theory,0,-1,none,2,"Step 1: 100 = 7×14 + 2.
Step 2: Remainder = 2.
Step 3: Answer: 2.

Final Answer: 2"
179,What is the remainder when 2021 is divided by 5?,Number Theory,0,-1,none,1,"Step 1: 2021 ends in 1.
Step 2: Numbers ending in 1 have remainder 1 when divided by 5.
Step 3: Answer: 1.

Final Answer: 1"
220,A bag has 4 red and 6 blue marbles. What is P(drawing blue)?,Probability,0,-1,none,3/5,"Step 1: 6 blue out of 10 total.
Step 2: P = 6/10 = 3/5.
Step 3: Answer: 3/5.

Final Answer: 3/5"
173,What is the GCD of 84 and 126?,Number Theory,0,-1,none,42,"Step 1: 84 = 2² × 3 × 7.
Step 2: 126 = 2 × 3² × 7.
Step 3: GCD = 2 × 3 × 7.
Step 4: = 42.
Step 5: Answer: 42.

Final Answer: 42"
140,"If x + y = 8 and xy = 15, find x² + y².",Algebra,0,-1,none,34,"Step 1: x² + y² = (x+y)² - 2xy.
Step 2: = 8² - 2(15) = 64 - 30.
Step 3: = 34.
Step 4: Answer: 34.

Final Answer: 34"
50,Find all integers x such that x² ≡ 1 (mod 8).,Number Theory,0,-1,none,"1, 3, 5, 7","Step 1: Check each residue class modulo 8.
Step 2: 0²=0, 1²=1, 2²=4, 3²=9≡1, 4²=16≡0, 5²=25≡1, 6²=36≡4, 7²=49≡1.
Step 3: The residues giving x² ≡ 1 are: 1, 3, 5, 7.
Step 4: These are the odd residues.
Step 5: Answer: 1, 3, 5, 7.

Final Answer: 1, 3, 5, 7"
27,A square has area 144. What is its perimeter?,Geometry,1,5,wrong_answer,48,"Step 1: Area = s² = 144, so side s = √144 = 12.
Step 2: Perimeter = 4s = 4 × 12.
Step 3: Perimeter = 48.
Step 4: Answer: 48.

[ERROR INJECTED AT STEP 5]"
198,How many ways can the letters in EEE be arranged?,Combinatorics,1,3,calculation_error,1,"Step 1: All letters are the same.
Step 2: Only 1 arrangement.
Step 3: Answer: 1. [ARITHMETIC ERROR]

[ERROR INJECTED AT STEP 3]"
154,A rectangle has perimeter 20 and length 6. Find its width.,Geometry,1,1,wrong_setup,4,"Step 1: Perimeter = 2(l + w) = 20.
Step 2: l + w = 10.
Step 3: 6 + w = 10.
Step 4: w = 4.
Step 5: Answer: 4.

[ERROR INJECTED AT STEP 1]"
164,A sector of a circle has radius 6 and central angle 60°. Find its area.,Geometry,0,-1,none,6π,"Step 1: Area of sector = (θ/360) × πr².
Step 2: = (60/360) × π(36).
Step 3: = (1/6) × 36π = 6π.
Step 4: Answer: 6π.

Final Answer: 6π"
188,Find the sum of all odd divisors of 20.,Number Theory,0,-1,none,6,"Step 1: 20 = 2² × 5.
Step 2: Odd divisors come from 5: 1, 5.
Step 3: Sum = 1 + 5 = 6.
Step 4: Answer: 6.

Final Answer: 6"
46,A regular pentagon has interior angles of what measure?,Geometry,0,-1,none,108,"Step 1: Sum of interior angles = (n-2)×180° = 3×180° = 540°.
Step 2: Each angle = 540°/5 = 108°.
Step 3: Answer: 108.

Final Answer: 108"
194,How many ways can a password of 3 digits be formed?,Combinatorics,1,3,calculation_error,1000,"Step 1: Each digit has 10 choices.
Step 2: Total = 10³.
Step 3: ≠ 1000. [ARITHMETIC ERROR]
Step 4: Answer: 1000.

[ERROR INJECTED AT STEP 3]"
120,Two cards are drawn with replacement. What is P(both are kings)?,Probability,0,-1,none,1/169,"Step 1: P(first king) = 4/52 = 1/13.
Step 2: P(second king) = 1/13 (with replacement).
Step 3: P(both kings) = (1/13)² = 1/169.
Step 4: Answer: 1/169.

Final Answer: 1/169"
236,A number from 1 to 6 is chosen. What is P(it is prime)?,Probability,0,-1,none,1/2,"Step 1: Primes: 2, 3, 5 = 3 numbers.
Step 2: P = 3/6 = 1/2.
Step 3: Answer: 1/2.

Final Answer: 1/2"
57,Find the last digit of 7^100.,Number Theory,0,-1,none,1,"Step 1: Pattern of last digits: 7, 9, 3, 1, 7, 9, 3, 1...
Step 2: Cycle length is 4.
Step 3: 100 = 4×25, so 7^100 has same last digit as 7^4.
Step 4: Last digit of 7^4 is 1.
Step 5: Answer: 1.

Final Answer: 1"
139,Simplify: √(72).,Algebra,0,-1,none,6√2,"Step 1: 72 = 36 × 2.
Step 2: √(72) = √(36×2) = 6√2.
Step 3: Answer: 6√2.

Final Answer: 6√2"
6,Find the value of (2^10 - 2^8) / 2^7.,Algebra,0,-1,none,3,"Step 1: Factor out 2^7 from numerator: 2^7(2³ - 2) / 2^7.
Step 2: Cancel 2^7: 2³ - 2.
Step 3: Calculate: 8 - 2 = 6.
Step 4: Wait, let me recalculate: 2^10 - 2^8 = 2^8(2² - 1) = 2^8 × 3.
Step 5: So (2^8 × 3) / 2^7 = 2 × 3 = 6. Actually answer is 3.

Final Answer: 3"
24,"In a right triangle, the altitude to the hypotenuse divides it into segments of length 4 and 9. Find the area.",Geometry,0,-1,none,39,"Step 1: Let the hypotenuse be c = 4 + 9 = 13.
Step 2: By the altitude theorem: h² = 4 × 9 = 36.
Step 3: So the altitude h = 6.
Step 4: Area = (1/2) × base × height = (1/2) × 13 × 6.
Step 5: Area = 39.

Final Answer: 39"
18,What is the value of 2021² - 2020²?,Algebra,0,-1,none,4041,"Step 1: Use difference of squares: a² - b² = (a+b)(a-b).
Step 2: Here a = 2021, b = 2020.
Step 3: So 2021² - 2020² = (2021+2020)(2021-2020).
Step 4: = (4041)(1) = 4041.
Step 5: Answer: 4041.

Final Answer: 4041"
163,"A triangle has sides 7, 24, and 25. Is it a right triangle?",Geometry,0,-1,none,yes,"Step 1: Check: 7² + 24² = 49 + 576 = 625.
Step 2: 25² = 625.
Step 3: 7² + 24² = 25², so yes.
Step 4: Answer: yes.

Final Answer: yes"
